X,Y,Z
187.27,349.08,114.54
475.36,268.05,118.98
366.00,154.76,126.41
299.33,406.90,119.98
78.01,342.37,113.98
78.00,81.31,131.90
29.04,455.46,130.50
433.09,411.27,135.90
300.56,474.90,123.03
354.04,362.86,122.62
10.29,306.71,109.16
484.95,209.12,109.44
416.22,466.36,128.91
106.17,433.03,115.12
90.91,22.61,140.80
91.70,13.18,143.06
152.12,188.23,112.20
262.38,405.28,116.35
215.97,493.64,113.33
145.61,75.21,121.12
305.93,297.07,123.60
69.75,190.45,107.21
146.07,484.96,114.34
183.18,421.06,107.76
228.03,419.16,111.46
392.59,234.35,126.20
99.84,207.41,107.45
257.12,136.70,124.27
296.21,28.19,106.44
23.23,432.36,130.52
303.77,406.45,120.00
85.26,499.86,121.71
32.53,498.32,126.00
474.44,277.72,122.10
482.82,384.49,137.16
404.20,472.38,128.09
152.31,424.82,108.71
48.84,123.67,126.96
342.12,225.27,131.44
220.08,64.58,118.51
61.02,477.03,124.73
247.59,303.09,121.36
17.19,114.32,134.04
454.66,335.85,134.57
129.39,309.06,113.86
331.26,179.08,132.31
155.86,56.78,125.33
260.03,335.79,118.53
273.36,260.15,124.61
92.43,386.16,116.12
484.79,260.08,116.68
387.57,426.09,130.62
469.75,275.95,121.33
447.41,280.47,123.83
298.95,438.33,121.09
460.94,201.74,111.39
44.25,67.01,138.73
97.99,14.39,141.92
22.61,377.57,124.92
162.67,310.15,116.72
194.34,352.04,114.50
135.67,106.48,115.65
414.37,68.19,115.96
178.38,7.27,132.31
140.47,175.29,110.55
271.35,294.96,122.11
70.46,196.12,106.77
401.10,218.74,125.53
37.28,452.08,129.06
493.44,174.13,108.48
386.12,256.99,127.03
99.36,391.83,115.09
2.76,198.27,113.74
407.73,311.04,129.18
353.43,431.18,128.21
364.50,474.76,129.42
385.64,73.54,113.46
37.02,463.29,129.03
179.23,246.06,118.92
57.93,129.12,123.62
431.55,229.57,118.84
311.65,490.02,124.35
165.45,246.31,118.65
31.78,164.38,118.69
155.49,316.70,115.54
162.59,120.07,112.63
364.80,37.93,107.25
318.78,64.44,111.70
443.61,64.02,120.90
236.11,75.95,118.87
59.80,69.41,136.47
356.62,320.44,123.96
380.39,90.94,115.28
280.64,172.83,128.89
385.48,448.39,130.92
246.90,236.98,125.11
261.37,333.78,118.69
213.77,86.16,117.86
12.71,96.14,135.51
53.95,20.43,139.66
15.71,84.47,137.75
318.21,139.30,127.33
157.18,88.51,116.92
254.29,44.35,114.24
453.78,60.32,122.41
124.65,230.39,112.28
205.19,103.17,117.17
377.78,182.13,126.87
114.40,251.71,111.00
38.49,345.20,116.72
144.88,19.66,136.89
80.61,399.71,119.69
464.85,313.95,131.37
404.06,40.88,113.81
316.70,436.79,124.10
435.73,460.44,128.39
401.84,30.54,111.94
93.29,138.44,114.77
446.28,403.10,137.51
269.67,374.13,116.93
403.72,92.26,117.01
448.05,104.67,118.06
159.00,185.24,112.81
55.03,242.26,102.80
113.97,309.13,112.71
213.55,184.46,120.08
409.01,231.27,122.64
430.37,373.74,136.45
3.48,18.34,126.31
255.37,126.22,124.50
208.71,356.67,114.74
111.05,447.60,115.67
59.93,255.84,102.74
168.81,266.06,119.53
471.45,53.59,124.41
161.60,223.71,116.20
259.40,266.31,123.80
351.51,121.24,122.45
181.81,134.62,113.50
485.89,188.64,108.67
481.22,10.04,126.89
125.89,161.04,109.31
248.62,105.72,120.90
150.44,163.75,110.58
142.42,59.88,126.18
18.44,445.26,130.50
304.78,296.80,122.82
251.34,339.55,118.51
25.74,394.59,128.10
139.32,249.22,114.65
454.13,43.46,122.36
119.78,268.55,113.30
72.45,293.42,106.36
244.73,372.72,114.80
492.83,215.83,109.91
121.03,63.79,127.64
336.07,141.89,126.67
380.81,181.54,126.84
118.82,322.96,113.19
364.11,285.39,126.64
183.89,178.05,114.78
316.15,493.26,126.15
316.76,302.89,123.42
267.89,118.61,123.56
45.14,50.89,139.75
417.65,76.43,116.66
160.39,122.98,111.75
93.26,80.34,128.24
20.39,93.28,135.89
295.45,142.55,128.13
338.78,86.69,115.64
8.29,448.38,131.69
256.05,40.12,112.38
113.25,262.26,111.71
322.59,205.20,132.09
87.18,491.19,122.17
345.47,56.02,109.23
193.37,198.93,118.26
468.36,484.74,116.81
68.76,432.75,124.20
170.53,408.54,108.56
56.74,128.95,124.25
462.35,85.44,120.89
438.67,334.32,133.95
128.97,464.69,113.80
329.99,278.38,127.12
408.61,285.81,126.47
277.60,139.99,127.67
264.83,384.75,116.70
120.93,93.52,119.24
46.55,161.84,116.23
448.61,212.72,113.64
450.21,253.81,119.35
316.55,121.20,124.13
169.51,57.42,122.47
174.60,305.31,117.02
362.98,144.32,124.96
448.56,290.62,124.98
443.54,77.18,119.22
389.94,240.57,127.23
321.02,266.29,127.72
42.07,25.91,137.78
80.81,168.30,110.11
449.28,67.21,121.14
303.21,31.69,105.73
4.60,494.98,126.26
50.74,161.18,116.46
331.75,404.94,123.33
2.53,127.32,131.12
80.40,340.75,113.43
274.37,380.11,117.57
345.95,297.82,124.18
325.98,235.79,130.49
112.13,205.92,108.31
356.09,174.43,128.98
118.62,464.76,115.32
162.70,415.31,109.00
373.25,482.51,129.67
324.82,62.15,110.43
424.61,365.43,135.18
328.81,469.17,127.57
284.15,90.62,119.71
46.84,33.25,138.79
183.86,370.56,111.52
132.60,287.24,115.02
121.99,420.91,112.44
486.51,69.89,124.18
196.55,397.63,110.34
446.02,100.81,119.08
315.57,81.83,115.52
397.41,82.13,116.32
251.32,407.29,114.89
288.45,332.60,120.73
246.26,261.53,122.73
97.62,179.42,109.44
361.23,438.60,128.93
140.39,196.22,111.10
12.16,408.30,129.59
322.74,219.57,131.45
88.56,188.47,107.88
470.23,231.34,113.16
476.96,150.69,111.32
457.43,373.80,138.22
185.08,251.36,120.90
7.73,116.11,133.83
464.16,449.79,127.46
214.09,191.95,120.46
483.33,271.78,120.20
481.81,453.24,123.76
426.50,312.12,129.24
147.22,58.45,125.16
192.55,469.92,109.06
425.57,313.85,130.13
158.46,167.45,112.08
84.75,69.64,132.61
278.40,397.01,118.38
468.08,310.04,129.31
348.01,266.73,127.47
285.03,446.95,119.56
48.59,394.30,125.21
307.50,75.84,115.69
495.03,155.86,109.98
70.04,124.24,122.74
259.16,371.97,116.81
438.69,16.77,118.92
370.38,284.94,127.50
348.51,381.23,123.72
351.24,438.38,126.96
179.75,171.04,115.18
146.80,410.63,109.74
404.68,55.32,114.06
405.06,423.23,133.03
433.54,63.74,119.40
456.62,198.64,111.95
255.67,398.65,115.24
250.76,74.96,117.19
399.15,114.63,118.44
324.98,361.13,121.11
350.98,360.02,123.29
397.90,320.57,128.14
445.00,346.97,136.07
169.00,271.36,117.36
187.79,125.90,115.11
46.99,172.85,112.24
289.14,90.80,118.95
17.97,454.23,130.38
232.80,291.70,120.37
271.32,200.43,128.79
143.27,231.00,113.96
295.42,473.64,122.36
15.25,76.68,136.65
18.67,293.11,106.17
411.30,252.94,124.31
180.10,305.73,117.62
63.53,9.06,140.49
261.12,436.06,115.41
385.00,466.06,129.48
107.91,282.57,110.77
311.45,348.33,120.61
42.67,461.25,128.70
25.84,353.62,118.68
265.68,76.27,117.05
270.32,288.14,122.21
318.71,303.36,124.19
363.05,212.07,130.50
487.93,368.22,136.60
258.15,467.18,116.37
161.48,462.78,110.15
397.59,225.42,125.11
135.42,56.62,127.48
219.49,492.42,113.30
39.23,419.45,128.66
12.68,62.33,136.28
481.32,460.42,121.50
417.99,434.95,133.25
347.99,259.42,128.83
204.48,295.64,120.05
86.65,199.50,105.67
78.22,27.38,141.28
125.12,167.60,109.78
274.61,401.43,117.75
357.30,2.32,100.95
330.10,166.75,131.73
139.97,199.08,111.49
477.43,268.70,120.24
368.95,459.93,129.55
277.18,173.17,129.21
305.86,173.48,130.59
209.80,368.75,113.42
123.87,226.11,111.96
177.99,112.30,114.12
378.92,226.22,128.44
7.20,70.43,135.94
58.04,88.19,133.64
23.00,249.18,102.80
20.36,209.46,108.15
427.73,457.42,130.63
351.83,181.20,130.40
237.09,290.29,121.30
48.92,316.13,110.01
245.81,6.55,113.49
236.74,331.77,119.02
86.60,89.02,128.05
216.93,480.54,111.32
199.25,74.33,118.95
307.93,207.31,130.90
317.55,42.67,107.02
22.65,498.44,125.31
187.31,251.10,119.96
312.93,297.69,123.58
251.57,33.54,113.23
428.24,374.98,136.06
329.35,104.95,121.19
81.47,449.03,121.96
35.28,102.57,133.49
321.21,95.34,119.12
13.26,18.27,129.73
292.89,236.03,127.86
470.12,282.42,123.66
287.74,32.85,107.91
194.08,387.76,110.56
321.64,226.64,131.83
229.13,262.20,122.14
272.81,220.38,127.66
470.73,200.38,109.88
193.05,279.82,120.24
480.60,77.62,122.00
452.68,90.96,118.98
97.90,430.89,118.23
34.68,473.06,127.78
50.39,186.65,108.84
9.11,135.37,128.03
47.22,322.00,110.36
341.50,204.37,131.28
35.59,12.69,135.22
159.49,78.08,119.61
422.44,357.99,133.75
11.64,329.46,114.79
407.23,13.55,112.37
140.93,110.99,113.98
59.08,115.54,125.46
348.37,335.95,124.10
314.47,9.86,101.01
438.74,52.05,119.21
367.54,399.96,127.68
401.74,89.27,117.74
141.02,326.37,114.94
88.72,119.09,120.02
375.31,49.72,110.11
403.42,121.59,119.17
495.25,361.13,135.49
206.31,427.85,109.31
186.01,415.11,108.36
388.21,198.59,126.03
170.40,334.04,114.82
465.38,102.49,118.61
429.21,146.57,115.92
214.50,448.17,109.79
375.44,6.50,104.72
377.27,42.75,108.60
51.56,103.94,131.10
451.28,13.27,122.10
252.63,90.72,119.84
413.23,291.52,126.39
160.02,210.71,114.37
447.76,446.34,130.50
194.60,408.72,108.62
5.42,170.91,120.41
452.69,129.71,115.95
45.64,189.85,108.58
159.66,295.15,117.48
475.03,134.03,113.25
475.30,312.07,129.85
286.72,204.71,129.96
315.92,276.02,125.15
224.22,218.06,122.57
146.61,147.23,110.74
164.33,474.23,111.46
336.26,381.80,122.13
376.19,70.06,113.43
395.79,434.23,131.88
394.81,243.72,126.00
45.60,447.28,128.46
247.21,399.93,114.91
28.78,212.61,106.15
274.76,11.23,106.66
220.77,134.34,118.93
443.85,270.82,122.32
175.46,316.74,116.43
58.53,128.94,124.11
71.50,69.68,134.38
380.76,417.47,129.67
309.11,492.20,124.42
50.56,262.85,102.71
42.05,85.84,135.70
350.48,136.15,125.75
36.38,9.20,133.67
410.93,457.15,130.60
353.12,58.88,109.35
40.67,288.26,105.53
42.42,137.03,123.37
493.32,277.09,121.20
187.14,325.71,117.25
185.32,414.87,108.49
406.40,103.21,117.48
473.62,5.50,124.94
493.00,68.44,124.05
376.69,450.01,130.39
188.13,436.95,108.49
41.75,298.71,107.23
388.57,300.26,126.89
279.20,332.52,118.76
212.11,87.69,117.61
453.18,457.21,128.06
55.60,209.39,104.46
246.31,191.57,125.84
5.68,259.46,105.96
234.33,23.48,115.71
28.15,83.14,137.16
59.41,369.02,120.10
58.76,41.40,139.34
324.61,301.58,123.55
373.02,122.67,120.68
291.68,194.65,130.02
481.09,144.35,111.84
187.44,177.84,115.29
142.86,359.52,111.95
434.30,148.56,115.68
111.80,283.20,111.73
481.61,238.03,112.31
6.08,331.84,114.69
484.94,468.41,118.96
21.58,366.29,121.04
445.57,107.47,118.17
263.85,15.59,109.78
496.48,131.13,112.95
36.90,297.54,106.75
276.93,25.71,108.16
484.65,248.18,114.48
261.55,298.42,121.28
314.70,167.12,131.21
347.87,385.46,123.57
227.27,53.30,117.71
313.78,37.57,105.61
292.16,364.09,118.73
450.58,247.75,117.16
22.72,344.20,116.64
140.48,217.41,112.41
475.21,123.20,115.16
445.13,409.55,136.90
227.83,399.71,113.22
310.07,347.35,120.13
138.69,136.07,110.70
94.06,295.12,109.57
231.85,180.49,123.33
176.68,45.79,124.36
291.83,458.66,122.15
38.87,68.41,138.15
487.20,475.12,116.38
493.11,223.00,110.33
